ID,Usage,y_value
consommation_elec_base100k_2024-12-01,Public,429.5783866630359
consommation_elec_base100k_2024-12-02,Public,364.0073361238822
consommation_elec_base100k_2024-12-03,Public,378.6726267375653
consommation_elec_base100k_2024-12-04,Public,437.7229833371598
consommation_elec_base100k_2024-12-05,Public,429.6540230339341
consommation_elec_base100k_2024-12-06,Public,378.0799265734092
consommation_elec_base100k_2024-12-07,Public,415.02004590349566
consommation_elec_base100k_2024-12-08,Public,460.9130367471415
consommation_elec_base100k_2024-12-09,Public,442.0445276328916
consommation_elec_base100k_2024-12-10,Public,458.5840381281404
consommation_elec_base100k_2024-12-11,Public,487.2781734014693
consommation_elec_base100k_2024-12-12,Public,483.2744449521359
consommation_elec_base100k_2024-12-13,Public,503.8712077387548
consommation_elec_base100k_2024-12-14,Public,514.4186735231214
consommation_elec_base100k_2024-12-15,Private,494.7691742382654
consommation_elec_base100k_2024-12-16,Private,435.3500403038731
consommation_elec_base100k_2024-12-17,Private,429.6951284038699
consommation_elec_base100k_2024-12-18,Private,412.6474309463397
consommation_elec_base100k_2024-12-19,Private,388.5212389776136
consommation_elec_base100k_2024-12-20,Private,445.1510192495247
consommation_elec_base100k_2024-12-21,Private,442.82044349346046
consommation_elec_base100k_2024-12-22,Private,438.6069251811082
consommation_elec_base100k_2024-12-23,Private,450.49647432720064
consommation_elec_base100k_2024-12-24,Private,431.2428107524961
consommation_elec_base100k_2024-12-25,Private,403.0119762905581
consommation_elec_base100k_2024-12-26,Private,419.6811657938284
consommation_elec_base100k_2024-12-27,Private,478.5486130331564
consommation_elec_base100k_2024-12-28,Private,524.1095443877795
consommation_elec_base100k_2024-12-29,Private,526.855080123158
consommation_elec_base100k_2024-12-30,Private,518.02192872832
consommation_elec_base100k_2024-12-31,Private,534.2686105249021
consommation_gaz_base100k_2024-12-01,Public,441.9967427898536
consommation_gaz_base100k_2024-12-02,Public,448.03122926591175
consommation_gaz_base100k_2024-12-03,Public,505.13687854676056
consommation_gaz_base100k_2024-12-04,Public,551.225510281831
consommation_gaz_base100k_2024-12-05,Public,520.3182883662536
consommation_gaz_base100k_2024-12-06,Public,451.3160674988809
consommation_gaz_base100k_2024-12-07,Public,434.7514986317714
consommation_gaz_base100k_2024-12-08,Public,472.6056620881207
consommation_gaz_base100k_2024-12-09,Public,573.33938519155
consommation_gaz_base100k_2024-12-10,Public,595.9292282480068
consommation_gaz_base100k_2024-12-11,Public,619.1564738088043
consommation_gaz_base100k_2024-12-12,Public,642.2367614625446
consommation_gaz_base100k_2024-12-13,Public,643.3167924093354
consommation_gaz_base100k_2024-12-14,Public,552.1870975423369
consommation_gaz_base100k_2024-12-15,Private,499.1567884303294
consommation_gaz_base100k_2024-12-16,Private,526.3255766624983
consommation_gaz_base100k_2024-12-17,Private,536.2555443763725
consommation_gaz_base100k_2024-12-18,Private,448.5335182318239
consommation_gaz_base100k_2024-12-19,Private,500.6246127796237
consommation_gaz_base100k_2024-12-20,Private,530.4640867973582
consommation_gaz_base100k_2024-12-21,Private,433.1595277520379
consommation_gaz_base100k_2024-12-22,Private,469.48006481115686
consommation_gaz_base100k_2024-12-23,Private,516.6640813042033
consommation_gaz_base100k_2024-12-24,Private,454.78339674479287
consommation_gaz_base100k_2024-12-25,Private,413.76415478271815
consommation_gaz_base100k_2024-12-26,Private,493.8035724905695
consommation_gaz_base100k_2024-12-27,Private,561.4221956300062
consommation_gaz_base100k_2024-12-28,Private,573.0042334273955
consommation_gaz_base100k_2024-12-29,Private,554.7713633049466
consommation_gaz_base100k_2024-12-30,Private,604.8546180300568
consommation_gaz_base100k_2024-12-31,Private,593.5647413255035
limoges_moulinhydro_prod_base_100k_2024-12-02,Public,291.2000570549259
limoges_moulinhydro_prod_base_100k_2024-12-03,Public,307.1933727457886
limoges_moulinhydro_prod_base_100k_2024-12-04,Public,314.14373891050934
limoges_moulinhydro_prod_base_100k_2024-12-05,Public,317.8911713587689
limoges_moulinhydro_prod_base_100k_2024-12-06,Public,316.89826190666605
limoges_moulinhydro_prod_base_100k_2024-12-07,Public,309.08310363850063
limoges_moulinhydro_prod_base_100k_2024-12-08,Public,312.43550759506326
limoges_moulinhydro_prod_base_100k_2024-12-09,Public,312.8305360867602
limoges_moulinhydro_prod_base_100k_2024-12-10,Public,341.0056763458968
limoges_moulinhydro_prod_base_100k_2024-12-11,Public,345.9061649320825
limoges_moulinhydro_prod_base_100k_2024-12-12,Public,347.25139709299594
limoges_moulinhydro_prod_base_100k_2024-12-13,Public,344.368756748181
limoges_moulinhydro_prod_base_100k_2024-12-14,Public,324.10486276870347
limoges_moulinhydro_prod_base_100k_2024-12-15,Private,347.4649260074268
limoges_moulinhydro_prod_base_100k_2024-12-16,Private,341.2939403803784
limoges_moulinhydro_prod_base_100k_2024-12-17,Private,335.76354149662205
limoges_moulinhydro_prod_base_100k_2024-12-18,Private,323.3575115681958
limoges_moulinhydro_prod_base_100k_2024-12-19,Private,303.4993225261367
limoges_moulinhydro_prod_base_100k_2024-12-20,Private,316.5566156435767
limoges_moulinhydro_prod_base_100k_2024-12-21,Private,330.70290622461346
limoges_moulinhydro_prod_base_100k_2024-12-22,Private,317.05840859248895
limoges_moulinhydro_prod_base_100k_2024-12-23,Private,347.18733841866685
limoges_moulinhydro_prod_base_100k_2024-12-24,Private,352.6430021823724
limoges_moulinhydro_prod_base_100k_2024-12-25,Private,353.1341186855629
limoges_moulinhydro_prod_base_100k_2024-12-26,Private,342.4790258554689
limoges_moulinhydro_prod_base_100k_2024-12-27,Private,340.4398247226554
limoges_moulinhydro_prod_base_100k_2024-12-28,Private,338.93444587591864
limoges_moulinhydro_prod_base_100k_2024-12-29,Private,329.60323231529503
limoges_moulinhydro_prod_base_100k_2024-12-30,Private,320.7631352578623
limoges_moulinhydro_prod_base_100k_2024-12-31,Private,321.6492802527499
onenation_shop_ca_ttc_base_100k_2024-12-01,Public,813.0351336250867
onenation_shop_ca_ttc_base_100k_2024-12-02,Public,397.8832116989516
onenation_shop_ca_ttc_base_100k_2024-12-03,Public,195.97849914648745
onenation_shop_ca_ttc_base_100k_2024-12-04,Public,242.07892668832997
onenation_shop_ca_ttc_base_100k_2024-12-05,Public,249.4522387166964
onenation_shop_ca_ttc_base_100k_2024-12-06,Public,268.00266486656784
onenation_shop_ca_ttc_base_100k_2024-12-07,Public,1013.2722372888924
onenation_shop_ca_ttc_base_100k_2024-12-08,Public,839.3723285525788
onenation_shop_ca_ttc_base_100k_2024-12-09,Public,553.1224391522592
onenation_shop_ca_ttc_base_100k_2024-12-10,Public,351.34176362457134
onenation_shop_ca_ttc_base_100k_2024-12-11,Public,234.4437587187692
onenation_shop_ca_ttc_base_100k_2024-12-12,Public,497.0025763868235
onenation_shop_ca_ttc_base_100k_2024-12-13,Public,557.5050806943536
onenation_shop_ca_ttc_base_100k_2024-12-14,Public,680.5360273807597
onenation_shop_ca_ttc_base_100k_2024-12-15,Private,934.8670557386556
onenation_shop_ca_ttc_base_100k_2024-12-16,Private,426.5633282055508
onenation_shop_ca_ttc_base_100k_2024-12-17,Private,433.2888913267523
onenation_shop_ca_ttc_base_100k_2024-12-18,Private,612.5637378033704
onenation_shop_ca_ttc_base_100k_2024-12-19,Private,642.1810229416124
onenation_shop_ca_ttc_base_100k_2024-12-20,Private,566.2565818869008
onenation_shop_ca_ttc_base_100k_2024-12-21,Private,1592.621616235509
onenation_shop_ca_ttc_base_100k_2024-12-22,Private,1741.2455357007498
onenation_shop_ca_ttc_base_100k_2024-12-23,Private,1156.3834000974102
onenation_shop_ca_ttc_base_100k_2024-12-24,Private,706.0463088097433
onenation_shop_ca_ttc_base_100k_2024-12-26,Private,569.8950012803376
onenation_shop_ca_ttc_base_100k_2024-12-27,Private,487.1623057545737
onenation_shop_ca_ttc_base_100k_2024-12-28,Private,489.1468981509938
onenation_shop_ca_ttc_base_100k_2024-12-29,Private,414.7660289601645
onenation_shop_ca_ttc_base_100k_2024-12-30,Private,496.4513007211512
onenation_shop_ca_ttc_base_100k_2024-12-31,Private,220.13815519457413
paris_biking_base_100k_2024-12-01,Public,167.65270432392907
paris_biking_base_100k_2024-12-02,Public,316.8193299895006
paris_biking_base_100k_2024-12-03,Public,336.36215385405654
paris_biking_base_100k_2024-12-04,Public,338.8516165726117
paris_biking_base_100k_2024-12-05,Public,248.8379670759659
paris_biking_base_100k_2024-12-06,Public,304.4555657980933
paris_biking_base_100k_2024-12-07,Public,167.22876847254057
paris_biking_base_100k_2024-12-08,Public,99.84308184654078
paris_biking_base_100k_2024-12-09,Public,272.39580383962107
paris_biking_base_100k_2024-12-10,Public,309.0786326738192
paris_biking_base_100k_2024-12-11,Public,301.52050627223923
paris_biking_base_100k_2024-12-12,Public,319.5671769678437
paris_biking_base_100k_2024-12-13,Public,284.8647783883073
paris_biking_base_100k_2024-12-14,Public,200.2338764353865
paris_biking_base_100k_2024-12-15,Private,173.8477377142926
paris_biking_base_100k_2024-12-16,Private,297.01502744288393
paris_biking_base_100k_2024-12-17,Private,332.78964333998323
paris_biking_base_100k_2024-12-18,Private,326.2696956109643
paris_biking_base_100k_2024-12-19,Private,270.0069098449354
paris_biking_base_100k_2024-12-20,Private,274.3205344933704
paris_biking_base_100k_2024-12-21,Private,148.28007368438315
paris_biking_base_100k_2024-12-22,Private,89.2601576731925
paris_biking_base_100k_2024-12-23,Private,162.58404064090436
paris_biking_base_100k_2024-12-24,Private,102.23507026349934
paris_biking_base_100k_2024-12-25,Private,60.00703671624859
paris_biking_base_100k_2024-12-26,Private,128.76200519801054
paris_biking_base_100k_2024-12-27,Private,134.1710553310552
paris_biking_base_100k_2024-12-28,Private,97.67234462209522
paris_biking_base_100k_2024-12-29,Private,92.5603590272498
paris_biking_base_100k_2024-12-30,Private,130.35408545742214
paris_biking_base_100k_2024-12-31,Private,121.68351424873153
paris_lutherie1_affluence_base10k_2024-12-03,Public,30.54989816700611
paris_lutherie1_affluence_base10k_2024-12-04,Public,10.183299389002036
paris_lutherie1_affluence_base10k_2024-12-05,Public,30.54989816700611
paris_lutherie1_affluence_base10k_2024-12-06,Public,50.91649694501019
paris_lutherie1_affluence_base10k_2024-12-07,Public,132.38289205702645
paris_lutherie1_affluence_base10k_2024-12-10,Public,30.54989816700611
paris_lutherie1_affluence_base10k_2024-12-11,Public,30.54989816700611
paris_lutherie1_affluence_base10k_2024-12-12,Public,10.183299389002036
paris_lutherie1_affluence_base10k_2024-12-13,Public,30.54989816700611
paris_lutherie1_affluence_base10k_2024-12-14,Public,81.46639511201629
paris_lutherie1_affluence_base10k_2024-12-16,Private,10.183299389002036
paris_lutherie1_affluence_base10k_2024-12-17,Private,20.36659877800407
paris_lutherie1_affluence_base10k_2024-12-18,Private,30.54989816700611
paris_lutherie1_affluence_base10k_2024-12-19,Private,30.54989816700611
paris_lutherie1_affluence_base10k_2024-12-20,Private,30.54989816700611
paris_lutherie1_affluence_base10k_2024-12-21,Private,91.64969450101832
paris_lutherie1_affluence_base10k_2024-12-24,Private,40.73319755600814
paris_vetements_ca_base_100k_2024-12-03,Public,634.215087052475
paris_vetements_ca_base_100k_2024-12-04,Public,269.159169404505
paris_vetements_ca_base_100k_2024-12-05,Public,300.012014152432
paris_vetements_ca_base_100k_2024-12-06,Public,402.545314118816
paris_vetements_ca_base_100k_2024-12-07,Public,1366.93027353929
paris_vetements_ca_base_100k_2024-12-10,Public,486.012057332743
paris_vetements_ca_base_100k_2024-12-11,Public,186.991253480558
paris_vetements_ca_base_100k_2024-12-12,Public,158.981017582191
paris_vetements_ca_base_100k_2024-12-13,Public,296.20667805723
paris_vetements_ca_base_100k_2024-12-14,Public,768.56965562335
paris_vetements_ca_base_100k_2024-12-17,Private,311.883751311716
paris_vetements_ca_base_100k_2024-12-18,Private,508.416828084884
paris_vetements_ca_base_100k_2024-12-19,Private,182.297246081686
paris_vetements_ca_base_100k_2024-12-20,Private,663.655172292003
paris_vetements_ca_base_100k_2024-12-21,Private,855.887307819846
paris_vetements_ca_base_100k_2024-12-24,Private,546.401829705855
paris_vetements_ca_base_100k_2024-12-26,Private,414.912656428224
paris_vetements_ca_base_100k_2024-12-27,Private,372.655196616532
paris_vetements_ca_base_100k_2024-12-28,Private,754.328128320946
petitscommerces_cartescadeaux_essonne_base_100k_2024-12-01,Public,244.86453526618203
petitscommerces_cartescadeaux_essonne_base_100k_2024-12-03,Public,1754.7556683015007
petitscommerces_cartescadeaux_essonne_base_100k_2024-12-04,Public,2061.236966532242
petitscommerces_cartescadeaux_essonne_base_100k_2024-12-05,Public,2339.273595253987
petitscommerces_cartescadeaux_essonne_base_100k_2024-12-06,Public,2564.026547289864
petitscommerces_cartescadeaux_essonne_base_100k_2024-12-07,Public,4446.983542955858
petitscommerces_cartescadeaux_essonne_base_100k_2024-12-09,Public,961.509955233699
petitscommerces_cartescadeaux_essonne_base_100k_2024-12-10,Public,841.3212108294866
petitscommerces_cartescadeaux_essonne_base_100k_2024-12-11,Public,2244.4847388338644
petitscommerces_cartescadeaux_essonne_base_100k_2024-12-12,Public,641.006636822466
petitscommerces_cartescadeaux_essonne_base_100k_2024-12-14,Public,4956.263315911308
petitscommerces_cartescadeaux_essonne_base_100k_2024-12-15,Private,1121.7616144393155
petitscommerces_cartescadeaux_essonne_base_100k_2024-12-17,Private,726.7412744974708
petitscommerces_cartescadeaux_essonne_base_100k_2024-12-18,Private,965.5162467138392
petitscommerces_cartescadeaux_essonne_base_100k_2024-12-19,Private,520.8178924182536
petitscommerces_cartescadeaux_essonne_base_100k_2024-12-20,Private,3476.259117317836
petitscommerces_cartescadeaux_essonne_base_100k_2024-12-21,Private,5055.539218789187
petitscommerces_cartescadeaux_essonne_base_100k_2024-12-22,Private,4109.653800328035
petitscommerces_cartescadeaux_essonne_base_100k_2024-12-23,Private,2872.911620408689
petitscommerces_cartescadeaux_essonne_base_100k_2024-12-24,Private,1442.2649328505483
petitscommerces_cartescadeaux_essonne_base_100k_2024-12-26,Private,320.503318411233
petitscommerces_cartescadeaux_essonne_base_100k_2024-12-27,Private,925.4533319124351
petitscommerces_cartescadeaux_essonne_base_100k_2024-12-28,Private,801.2582960280826
petitscommerces_cartescadeaux_essonne_base_100k_2024-12-30,Private,240.37748880842472
petitscommerces_cartescadeaux_essonne_base_100k_2024-12-31,Private,582.1141520644019
producteurbio_sablesdolonne_ca_ttc_base_10k_2024-12-03,Public,36.88344707778596
producteurbio_sablesdolonne_ca_ttc_base_10k_2024-12-11,Public,222.530130702642
producteurbio_sablesdolonne_ca_ttc_base_10k_2024-12-12,Public,42.41596413945385
producteurbio_sablesdolonne_ca_ttc_base_10k_2024-12-13,Public,83.60248004298151
producteurbio_sablesdolonne_ca_ttc_base_10k_2024-12-15,Private,885.202729866863
saas_versailles_ca_base_10k_2024-12-01,Public,4.452043438006557
saas_versailles_ca_base_10k_2024-12-02,Public,166.86343472084798
saas_versailles_ca_base_10k_2024-12-03,Public,7.055536351832896
saas_versailles_ca_base_10k_2024-12-04,Public,2.45261298261022
saas_versailles_ca_base_10k_2024-12-05,Public,2.4097370309336963
saas_versailles_ca_base_10k_2024-12-06,Public,63.65423486588809
saas_versailles_ca_base_10k_2024-12-07,Public,0.515596887249327
saas_versailles_ca_base_10k_2024-12-08,Public,72.62562070402639
saas_versailles_ca_base_10k_2024-12-09,Public,1.546790661747981
saas_versailles_ca_base_10k_2024-12-10,Public,3.641199491111301
saas_versailles_ca_base_10k_2024-12-11,Public,13.439711283110617
saas_versailles_ca_base_10k_2024-12-12,Public,7.571133239082223
saas_versailles_ca_base_10k_2024-12-13,Public,38.87464846468544
saas_versailles_ca_base_10k_2024-12-14,Public,123.82629117536388
saas_versailles_ca_base_10k_2024-12-15,Private,34.187058659240776
saas_versailles_ca_base_10k_2024-12-16,Private,28.484828453045974
saas_versailles_ca_base_10k_2024-12-17,Private,1.546790661747981
saas_versailles_ca_base_10k_2024-12-18,Private,26.45744721902507
saas_versailles_ca_base_10k_2024-12-19,Private,3.527768175916448
saas_versailles_ca_base_10k_2024-12-20,Private,35.58351212333816
saas_versailles_ca_base_10k_2024-12-21,Private,39.79919509355832
saas_versailles_ca_base_10k_2024-12-22,Private,3.527768175916448
saas_versailles_ca_base_10k_2024-12-23,Private,6.212399757788864
saas_versailles_ca_base_10k_2024-12-24,Private,0.515596887249327
saas_versailles_ca_base_10k_2024-12-25,Private,30.26228088014234
saas_versailles_ca_base_10k_2024-12-26,Private,100.77286887931544
saas_versailles_ca_base_10k_2024-12-27,Private,17.327311812970542
saas_versailles_ca_base_10k_2024-12-28,Private,7.32988816920609
saas_versailles_ca_base_10k_2024-12-29,Private,4.043365063165775
saas_versailles_ca_base_10k_2024-12-30,Private,27.10954159800409
saas_versailles_ca_base_10k_2024-12-31,Private,0.4309304510273322
ancienne_poste_affluence_base10k_2024-12-01,Public,227.05919198246164
ancienne_poste_affluence_base10k_2024-12-04,Public,77.25232278943521
ancienne_poste_affluence_base10k_2024-12-05,Public,42.279987472596304
ancienne_poste_affluence_base10k_2024-12-06,Public,17.747155235410794
ancienne_poste_affluence_base10k_2024-12-07,Public,188.433030587744
ancienne_poste_affluence_base10k_2024-12-08,Public,218.70758951873887
ancienne_poste_affluence_base10k_2024-12-11,Public,61.07109301597243
ancienne_poste_affluence_base10k_2024-12-12,Public,22.444931621254828
ancienne_poste_affluence_base10k_2024-12-13,Public,31.318509238960218
ancienne_poste_affluence_base10k_2024-12-14,Public,161.29032258064512
ancienne_poste_affluence_base10k_2024-12-15,Private,177.47155235410793
ancienne_poste_affluence_base10k_2024-12-18,Private,92.91157740891532
ancienne_poste_affluence_base10k_2024-12-19,Private,15.659254619480109
ancienne_poste_affluence_base10k_2024-12-20,Private,37.0602359327696
ancienne_poste_affluence_base10k_2024-12-21,Private,196.78463305146676
ancienne_poste_affluence_base10k_2024-12-22,Private,250.0260987576991
ancienne_poste_affluence_base10k_2024-12-26,Private,297.5258377701221
ancienne_poste_affluence_base10k_2024-12-27,Private,266.72930368514454
ancienne_poste_affluence_base10k_2024-12-28,Private,286.564359536486
ancienne_poste_affluence_base10k_2024-12-29,Private,302.2236141559662
versailles_cookies_ca_ttc_base_100k_2024-12-01,Public,201.61410761115656
versailles_cookies_ca_ttc_base_100k_2024-12-03,Public,260.7542458437625
versailles_cookies_ca_ttc_base_100k_2024-12-04,Public,169.50519417678717
versailles_cookies_ca_ttc_base_100k_2024-12-05,Public,181.30335306662525
versailles_cookies_ca_ttc_base_100k_2024-12-06,Public,243.2810231841289
versailles_cookies_ca_ttc_base_100k_2024-12-07,Public,515.6840841343138
versailles_cookies_ca_ttc_base_100k_2024-12-08,Public,305.55738086846395
versailles_cookies_ca_ttc_base_100k_2024-12-10,Public,173.83616389584168
versailles_cookies_ca_ttc_base_100k_2024-12-11,Public,129.18237265455585
versailles_cookies_ca_ttc_base_100k_2024-12-12,Public,224.76239404058563
versailles_cookies_ca_ttc_base_100k_2024-12-13,Public,263.59177772866025
versailles_cookies_ca_ttc_base_100k_2024-12-14,Public,462.816384805166
versailles_cookies_ca_ttc_base_100k_2024-12-15,Private,276.883374452655
versailles_cookies_ca_ttc_base_100k_2024-12-17,Private,445.0444745787012
versailles_cookies_ca_ttc_base_100k_2024-12-18,Private,275.539280401914
versailles_cookies_ca_ttc_base_100k_2024-12-19,Private,704.4546263717226
versailles_cookies_ca_ttc_base_100k_2024-12-20,Private,222.52223728935056
versailles_cookies_ca_ttc_base_100k_2024-12-21,Private,564.220813744407
versailles_cookies_ca_ttc_base_100k_2024-12-22,Private,433.09697190544745
versailles_cookies_ca_ttc_base_100k_2024-12-24,Private,426.3765016517422
versailles_cookies_ca_ttc_base_100k_2024-12-26,Private,334.82876241793554
versailles_cookies_ca_ttc_base_100k_2024-12-27,Private,736.8622273729233
versailles_cookies_ca_ttc_base_100k_2024-12-28,Private,875.0052270324195
versailles_cookies_ca_ttc_base_100k_2024-12-29,Private,729.0963506353083
versailles_cookies_ca_ttc_base_100k_2024-12-31,Private,966.4036224828104
versailles_epicerie1_ca_ttc_base_100k_2024-12-02,Public,104.66274529536048
versailles_epicerie1_ca_ttc_base_100k_2024-12-03,Public,264.33020421923527
versailles_epicerie1_ca_ttc_base_100k_2024-12-04,Public,343.34907250584325
versailles_epicerie1_ca_ttc_base_100k_2024-12-05,Public,272.33119135591016
versailles_epicerie1_ca_ttc_base_100k_2024-12-06,Public,473.7067078559289
versailles_epicerie1_ca_ttc_base_100k_2024-12-07,Public,811.4854519620013
versailles_epicerie1_ca_ttc_base_100k_2024-12-09,Public,135.14256679693946
versailles_epicerie1_ca_ttc_base_100k_2024-12-10,Public,296.95055838140786
versailles_epicerie1_ca_ttc_base_100k_2024-12-11,Public,270.4294318005499
versailles_epicerie1_ca_ttc_base_100k_2024-12-12,Public,443.9633098119186
versailles_epicerie1_ca_ttc_base_100k_2024-12-13,Public,386.2202323862378
versailles_epicerie1_ca_ttc_base_100k_2024-12-14,Public,871.2555027831572
versailles_epicerie1_ca_ttc_base_100k_2024-12-16,Private,130.22023276695398
versailles_epicerie1_ca_ttc_base_100k_2024-12-17,Private,252.69226127282647
versailles_epicerie1_ca_ttc_base_100k_2024-12-18,Private,378.372575751856
versailles_epicerie1_ca_ttc_base_100k_2024-12-19,Private,342.77510896764784
versailles_epicerie1_ca_ttc_base_100k_2024-12-20,Private,450.21377978417297
versailles_epicerie1_ca_ttc_base_100k_2024-12-21,Private,1119.7662239491906
versailles_epicerie1_ca_ttc_base_100k_2024-12-24,Private,341.75598922532885
versailles_epicerie1_ca_ttc_base_100k_2024-12-26,Private,175.06861557580874
versailles_epicerie1_ca_ttc_base_100k_2024-12-27,Private,272.325825395339
versailles_epicerie1_ca_ttc_base_100k_2024-12-28,Private,445.5612248849836
versailles_espace_richaud_affluence_base100k_2024-12-01,Public,412.83792781994936
versailles_espace_richaud_affluence_base100k_2024-12-03,Public,444.7995738447197
versailles_espace_richaud_affluence_base100k_2024-12-04,Public,261.0201092022906
versailles_espace_richaud_affluence_base100k_2024-12-05,Public,213.0776401651352
versailles_espace_richaud_affluence_base100k_2024-12-06,Public,141.16393660940204
versailles_espace_richaud_affluence_base100k_2024-12-07,Public,314.2895192435744
versailles_espace_richaud_affluence_base100k_2024-12-08,Public,647.2233320015981
versailles_espace_richaud_affluence_base100k_2024-12-10,Public,245.03928618990545
versailles_espace_richaud_affluence_base100k_2024-12-11,Public,202.4237581568784
versailles_espace_richaud_affluence_base100k_2024-12-12,Public,266.34705020641894
versailles_espace_richaud_affluence_base100k_2024-12-13,Public,143.82740711146624
versailles_espace_richaud_affluence_base100k_2024-12-14,Public,396.8571048075642
versailles_espace_richaud_affluence_base100k_2024-12-15,Private,476.76121986948993
versailles_espace_richaud_affluence_base100k_2024-12-17,Private,261.0201092022906
versailles_espace_richaud_affluence_base100k_2024-12-18,Private,266.34705020641894
versailles_espace_richaud_affluence_base100k_2024-12-19,Private,250.36622719403385
versailles_espace_richaud_affluence_base100k_2024-12-20,Private,319.6164602477028
versailles_espace_richaud_affluence_base100k_2024-12-21,Private,229.05846317752028
versailles_espace_richaud_affluence_base100k_2024-12-22,Private,287.6548142229325
versailles_espace_richaud_affluence_base100k_2024-12-26,Private,556.6653349314156
versailles_espace_richaud_affluence_base100k_2024-12-27,Private,444.7995738447197
versailles_espace_richaud_affluence_base100k_2024-12-28,Private,468.77080836329736
versailles_espace_richaud_affluence_base100k_2024-12-29,Private,628.5790384871488
versailles_photoshop_ca_ttc_base_100k_2024-12-03,Public,369.5400293126981
versailles_photoshop_ca_ttc_base_100k_2024-12-04,Public,367.6681799990636
versailles_photoshop_ca_ttc_base_100k_2024-12-05,Public,186.58409084301945
versailles_photoshop_ca_ttc_base_100k_2024-12-06,Public,256.2584819616352
versailles_photoshop_ca_ttc_base_100k_2024-12-07,Public,433.2060152270551
versailles_photoshop_ca_ttc_base_100k_2024-12-10,Public,300.3509324605801
versailles_photoshop_ca_ttc_base_100k_2024-12-11,Public,456.4539215173793
versailles_photoshop_ca_ttc_base_100k_2024-12-12,Public,183.07148472360663
versailles_photoshop_ca_ttc_base_100k_2024-12-13,Public,286.6702559954987
versailles_photoshop_ca_ttc_base_100k_2024-12-14,Public,769.5842696624019
versailles_photoshop_ca_ttc_base_100k_2024-12-17,Private,331.0862360054422
versailles_photoshop_ca_ttc_base_100k_2024-12-18,Private,485.1093924915363
versailles_photoshop_ca_ttc_base_100k_2024-12-19,Private,388.09675769354334
versailles_photoshop_ca_ttc_base_100k_2024-12-20,Private,444.8068591214316
versailles_photoshop_ca_ttc_base_100k_2024-12-21,Private,831.355297012339
versailles_photoshop_ca_ttc_base_100k_2024-12-23,Private,155.2941652793028
versailles_photoshop_ca_ttc_base_100k_2024-12-24,Private,566.7312662663128
versailles_photoshop_ca_ttc_base_100k_2024-12-26,Private,242.83200725519544
versailles_photoshop_ca_ttc_base_100k_2024-12-27,Private,386.8719674019059
versailles_photoshop_ca_ttc_base_100k_2024-12-28,Private,424.84046644266414
versailles_photoshop_ca_ttc_base_100k_2024-12-31,Private,383.7522185458485
versailles_restaurant1_ca_ttc_base_100k_2024-12-01,Public,401.5107263697956
versailles_restaurant1_ca_ttc_base_100k_2024-12-02,Public,136.30257131055586
versailles_restaurant1_ca_ttc_base_100k_2024-12-03,Public,204.5565929041931
versailles_restaurant1_ca_ttc_base_100k_2024-12-04,Public,269.76589487009016
versailles_restaurant1_ca_ttc_base_100k_2024-12-05,Public,274.4730687730996
versailles_restaurant1_ca_ttc_base_100k_2024-12-06,Public,344.8752054415229
versailles_restaurant1_ca_ttc_base_100k_2024-12-07,Public,229.3066144180326
versailles_restaurant1_ca_ttc_base_100k_2024-12-08,Public,393.273172039529
versailles_restaurant1_ca_ttc_base_100k_2024-12-09,Public,252.78644614852027
versailles_restaurant1_ca_ttc_base_100k_2024-12-10,Public,171.28882813728893
versailles_restaurant1_ca_ttc_base_100k_2024-12-11,Public,443.8192537123212
versailles_restaurant1_ca_ttc_base_100k_2024-12-12,Public,353.39294869458774
versailles_restaurant1_ca_ttc_base_100k_2024-12-13,Public,413.1852648197198
versailles_restaurant1_ca_ttc_base_100k_2024-12-14,Public,267.74853462594325
versailles_restaurant1_ca_ttc_base_100k_2024-12-15,Private,400.2965743710034
versailles_restaurant1_ca_ttc_base_100k_2024-12-16,Private,209.7867861297592
versailles_restaurant1_ca_ttc_base_100k_2024-12-17,Private,214.37814861134547
versailles_restaurant1_ca_ttc_base_100k_2024-12-18,Private,216.0630180004385
versailles_restaurant1_ca_ttc_base_100k_2024-12-19,Private,258.29682829688454
versailles_restaurant1_ca_ttc_base_100k_2024-12-20,Private,375.9014588260417
versailles_restaurant1_ca_ttc_base_100k_2024-12-21,Private,246.99587507735785
versailles_restaurant1_ca_ttc_base_100k_2024-12-22,Private,299.75544924025564
versailles_restaurant1_ca_ttc_base_100k_2024-12-23,Private,154.96315356891483
versailles_restaurant1_ca_ttc_base_100k_2024-12-26,Private,249.46153759798185
versailles_restaurant1_ca_ttc_base_100k_2024-12-27,Private,172.87656536647864
versailles_restaurant1_ca_ttc_base_100k_2024-12-28,Private,147.60352453008258
versailles_restaurant2_ca_ttc_base_100k_2024-12-01,Public,218.97127466495476
versailles_restaurant2_ca_ttc_base_100k_2024-12-03,Public,261.0267680913893
versailles_restaurant2_ca_ttc_base_100k_2024-12-04,Public,81.93823106828043
versailles_restaurant2_ca_ttc_base_100k_2024-12-05,Public,521.021453981812
versailles_restaurant2_ca_ttc_base_100k_2024-12-06,Public,839.2601024976427
versailles_restaurant2_ca_ttc_base_100k_2024-12-07,Public,1020.6346273453738
versailles_restaurant2_ca_ttc_base_100k_2024-12-08,Public,312.0535803618368
versailles_restaurant2_ca_ttc_base_100k_2024-12-10,Public,201.83147070340004
versailles_restaurant2_ca_ttc_base_100k_2024-12-11,Public,260.20351547245286
versailles_restaurant2_ca_ttc_base_100k_2024-12-12,Public,615.6917926335985
versailles_restaurant2_ca_ttc_base_100k_2024-12-13,Public,820.9629185859033
versailles_restaurant2_ca_ttc_base_100k_2024-12-14,Public,749.441107069284
versailles_restaurant2_ca_ttc_base_100k_2024-12-15,Private,303.97976465481537
versailles_restaurant2_ca_ttc_base_100k_2024-12-17,Private,51.66351046277044
versailles_restaurant2_ca_ttc_base_100k_2024-12-18,Private,462.4220170012153
versailles_restaurant2_ca_ttc_base_100k_2024-12-19,Private,699.051921122635
versailles_restaurant2_ca_ttc_base_100k_2024-12-20,Private,920.7936682425226
versailles_restaurant2_ca_ttc_base_100k_2024-12-21,Private,885.4838343813977
versailles_restaurant2_ca_ttc_base_100k_2024-12-22,Private,285.0421700248506
versailles_restaurant2_ca_ttc_base_100k_2024-12-26,Private,401.5430891163255
versailles_restaurant2_ca_ttc_base_100k_2024-12-27,Private,645.409634353695
versailles_restaurant2_ca_ttc_base_100k_2024-12-28,Private,796.3702188745632
versailles_restaurant2_ca_ttc_base_100k_2024-12-29,Private,325.0167926827896
versailles_restaurant2_ca_ttc_base_100k_2024-12-31,Private,609.8167203924853
versailles_restaurant3_ca_ttc_base_100k_2024-12-03,Public,341.3056621486428
versailles_restaurant3_ca_ttc_base_100k_2024-12-04,Public,271.4697546097738
versailles_restaurant3_ca_ttc_base_100k_2024-12-05,Public,309.7654220365976
versailles_restaurant3_ca_ttc_base_100k_2024-12-06,Public,365.0615025734599
versailles_restaurant3_ca_ttc_base_100k_2024-12-07,Public,506.7017865376233
versailles_restaurant3_ca_ttc_base_100k_2024-12-08,Public,737.4287089913126
versailles_restaurant3_ca_ttc_base_100k_2024-12-10,Public,220.0435049519072
versailles_restaurant3_ca_ttc_base_100k_2024-12-11,Public,201.18646777853544
versailles_restaurant3_ca_ttc_base_100k_2024-12-12,Public,209.17218814732988
versailles_restaurant3_ca_ttc_base_100k_2024-12-13,Public,277.3751612690504
versailles_restaurant3_ca_ttc_base_100k_2024-12-14,Public,604.7225894957669
versailles_restaurant3_ca_ttc_base_100k_2024-12-15,Private,784.1440547005292
versailles_restaurant3_ca_ttc_base_100k_2024-12-17,Private,155.41956616914212
versailles_restaurant3_ca_ttc_base_100k_2024-12-18,Private,315.4918769789264
versailles_restaurant3_ca_ttc_base_100k_2024-12-19,Private,167.1856415584583
versailles_restaurant3_ca_ttc_base_100k_2024-12-20,Private,327.2355834036241
versailles_restaurant3_ca_ttc_base_100k_2024-12-21,Private,651.6079393360837
versailles_restaurant3_ca_ttc_base_100k_2024-12-22,Private,705.1592406327053
versailles_restaurant3_ca_ttc_base_100k_2024-12-23,Private,33.10606763533828
versailles_restaurant3_ca_ttc_base_100k_2024-12-24,Private,1292.2774549737348
versailles_restaurant3_ca_ttc_base_100k_2024-12-26,Private,203.87074353275204
versailles_restaurant3_ca_ttc_base_100k_2024-12-27,Private,287.88857463973216
versailles_restaurant3_ca_ttc_base_100k_2024-12-28,Private,336.6439699221533
versailles_restaurant3_ca_ttc_base_100k_2024-12-29,Private,367.4326128230179
versailles_restaurant3_ca_ttc_base_100k_2024-12-31,Private,3095.193634257944
versailles_secondemain_ca_ttc_base_100k_2024-12-02,Public,238.83393236436456
versailles_secondemain_ca_ttc_base_100k_2024-12-04,Public,303.83230718773854
versailles_secondemain_ca_ttc_base_100k_2024-12-06,Public,798.9786515912892
versailles_secondemain_ca_ttc_base_100k_2024-12-07,Public,719.148971220285
versailles_secondemain_ca_ttc_base_100k_2024-12-10,Public,726.718819658748
versailles_secondemain_ca_ttc_base_100k_2024-12-12,Public,267.17741291812933
versailles_secondemain_ca_ttc_base_100k_2024-12-16,Private,846.4718076072439
versailles_secondemain_ca_ttc_base_100k_2024-12-17,Private,347.9875281510563
versailles_secondemain_ca_ttc_base_100k_2024-12-18,Private,693.3011430423236
versailles_secondemain_ca_ttc_base_100k_2024-12-19,Private,204.17110347329825
versailles_secondemain_ca_ttc_base_100k_2024-12-21,Private,889.0360501809871
versailles_secondemain_ca_ttc_base_100k_2024-12-22,Private,138.57555468857137
versailles_secondemain_ca_ttc_base_100k_2024-12-23,Private,54.51217832290095
versailles_secondemain_ca_ttc_base_100k_2024-12-26,Private,731.8188635495859
versailles_secondemain_ca_ttc_base_100k_2024-12-27,Private,633.597116473332
versailles_secondemain_ca_ttc_base_100k_2024-12-28,Private,960.9865994798128
versailles_vetements_ca_base_100k_2024-12-02,Public,170.94508826097064
versailles_vetements_ca_base_100k_2024-12-04,Public,374.1211768002277
versailles_vetements_ca_base_100k_2024-12-05,Public,41.0039352652756
versailles_vetements_ca_base_100k_2024-12-06,Public,830.8859440575999
versailles_vetements_ca_base_100k_2024-12-08,Public,37.825335632308494
versailles_vetements_ca_base_100k_2024-12-10,Public,102.98662810813404
versailles_vetements_ca_base_100k_2024-12-11,Public,202.794656583301
versailles_vetements_ca_base_100k_2024-12-12,Public,548.3084366868247
versailles_vetements_ca_base_100k_2024-12-14,Public,120.46892608945308
versailles_vetements_ca_base_100k_2024-12-17,Private,738.0708347749606
versailles_vetements_ca_base_100k_2024-12-18,Private,332.7040235826664
versailles_vetements_ca_base_100k_2024-12-19,Private,271.198120684753
versailles_vetements_ca_base_100k_2024-12-20,Private,218.68765474813648
versailles_vetements_ca_base_100k_2024-12-21,Private,124.91896557560705
versailles_vetements_ca_base_100k_2024-12-24,Private,39.73249541208875
versailles_vetements_ca_base_100k_2024-12-26,Private,107.7545275575847
versailles_vetements_ca_base_100k_2024-12-27,Private,214.55547522527925
versailles_vetements_ca_base_100k_2024-12-31,Private,102.98662810813404
viroflay_accessoiresdeco_ca_ttc_base_100k_2024-12-03,Public,1096.0937233283278
viroflay_accessoiresdeco_ca_ttc_base_100k_2024-12-04,Public,517.6757324227385
viroflay_accessoiresdeco_ca_ttc_base_100k_2024-12-05,Public,484.1034114490315
viroflay_accessoiresdeco_ca_ttc_base_100k_2024-12-06,Public,1436.8716951951012
viroflay_accessoiresdeco_ca_ttc_base_100k_2024-12-07,Public,1788.8467453809926
viroflay_accessoiresdeco_ca_ttc_base_100k_2024-12-08,Public,115.63536752281765
viroflay_accessoiresdeco_ca_ttc_base_100k_2024-12-10,Public,749.4240455554645
viroflay_accessoiresdeco_ca_ttc_base_100k_2024-12-11,Public,720.6227769567533
viroflay_accessoiresdeco_ca_ttc_base_100k_2024-12-12,Public,687.0268135034873
viroflay_accessoiresdeco_ca_ttc_base_100k_2024-12-13,Public,878.2235456967045
viroflay_accessoiresdeco_ca_ttc_base_100k_2024-12-14,Public,2088.529359278401
viroflay_accessoiresdeco_ca_ttc_base_100k_2024-12-15,Private,665.3466597479314
viroflay_accessoiresdeco_ca_ttc_base_100k_2024-12-16,Private,166.20663129940866
viroflay_accessoiresdeco_ca_ttc_base_100k_2024-12-17,Private,1922.2281580607569
viroflay_accessoiresdeco_ca_ttc_base_100k_2024-12-18,Private,907.067370758622
viroflay_accessoiresdeco_ca_ttc_base_100k_2024-12-19,Private,515.9640169026707
viroflay_accessoiresdeco_ca_ttc_base_100k_2024-12-20,Private,1498.247572130132
viroflay_accessoiresdeco_ca_ttc_base_100k_2024-12-21,Private,2291.0839386517378
viroflay_accessoiresdeco_ca_ttc_base_100k_2024-12-22,Private,1010.0067267582842
viroflay_accessoiresdeco_ca_ttc_base_100k_2024-12-23,Private,888.1770295910219
viroflay_accessoiresdeco_ca_ttc_base_100k_2024-12-24,Private,1068.6164335849176
viroflay_accessoiresdeco_ca_ttc_base_100k_2024-12-27,Private,528.7404128563265
viroflay_accessoiresdeco_ca_ttc_base_100k_2024-12-28,Private,466.2060544229074
viroflay_accessoiresdeco_ca_ttc_base_100k_2024-12-29,Private,72.01499273655745
viroflay_accessoiresdeco_ca_ttc_base_100k_2024-12-30,Private,530.7263811392783
viroflay_accessoiresdeco_ca_ttc_base_100k_2024-12-31,Private,479.7342812265378
viroflay_boutique_base_100k_2024-12-02,Public,31.584585279026207
viroflay_boutique_base_100k_2024-12-03,Public,618.318373421478
viroflay_boutique_base_100k_2024-12-04,Public,529.8236221425138
viroflay_boutique_base_100k_2024-12-05,Public,617.2314003878979
viroflay_boutique_base_100k_2024-12-06,Public,723.4340115376842
viroflay_boutique_base_100k_2024-12-07,Public,1676.0634148977406
viroflay_boutique_base_100k_2024-12-08,Public,55.64054585825632
viroflay_boutique_base_100k_2024-12-10,Public,689.6710253839832
viroflay_boutique_base_100k_2024-12-11,Public,757.090082311033
viroflay_boutique_base_100k_2024-12-12,Public,691.5331349251163
viroflay_boutique_base_100k_2024-12-13,Public,921.8466834336712
viroflay_boutique_base_100k_2024-12-14,Public,1791.3449237624288
viroflay_boutique_base_100k_2024-12-15,Private,529.8503509876018
viroflay_boutique_base_100k_2024-12-16,Private,428.10700216000254
viroflay_boutique_base_100k_2024-12-17,Private,834.4567244183459
viroflay_boutique_base_100k_2024-12-18,Private,944.726574829028
viroflay_boutique_base_100k_2024-12-19,Private,1095.8692841868276
viroflay_boutique_base_100k_2024-12-20,Private,1454.6149333433834
viroflay_boutique_base_100k_2024-12-21,Private,1993.7491031915624
viroflay_boutique_base_100k_2024-12-22,Private,470.6459591176078
viroflay_boutique_base_100k_2024-12-23,Private,973.7986486697788
viroflay_boutique_base_100k_2024-12-24,Private,1227.1925549118507
viroflay_boutique_base_100k_2024-12-28,Private,943.20303065901
viroflay_boutique_base_100k_2024-12-31,Private,763.0550695731791
volailler_paris_ca_ttc_base_100k_2024-12-01,Public,255.3622468543589
volailler_paris_ca_ttc_base_100k_2024-12-02,Public,77.33917354749047
volailler_paris_ca_ttc_base_100k_2024-12-03,Public,99.59856969125777
volailler_paris_ca_ttc_base_100k_2024-12-04,Public,193.08166622534733
volailler_paris_ca_ttc_base_100k_2024-12-05,Public,372.1611274651862
volailler_paris_ca_ttc_base_100k_2024-12-06,Public,654.8534325415701
volailler_paris_ca_ttc_base_100k_2024-12-07,Public,1350.8075912094748
volailler_paris_ca_ttc_base_100k_2024-12-08,Public,355.105527221366
volailler_paris_ca_ttc_base_100k_2024-12-09,Public,206.0795791211553
volailler_paris_ca_ttc_base_100k_2024-12-10,Public,321.2258638149248
volailler_paris_ca_ttc_base_100k_2024-12-11,Public,300.3122769556266
volailler_paris_ca_ttc_base_100k_2024-12-12,Public,661.486969917921
volailler_paris_ca_ttc_base_100k_2024-12-13,Public,1021.2869114605963
volailler_paris_ca_ttc_base_100k_2024-12-14,Public,1502.0505068621658
volailler_paris_ca_ttc_base_100k_2024-12-15,Private,645.0420487257632
volailler_paris_ca_ttc_base_100k_2024-12-16,Private,340.7241802653942
volailler_paris_ca_ttc_base_100k_2024-12-17,Private,437.5877181849889
volailler_paris_ca_ttc_base_100k_2024-12-18,Private,836.9457700505106
volailler_paris_ca_ttc_base_100k_2024-12-19,Private,779.5014202050429
volailler_paris_ca_ttc_base_100k_2024-12-20,Private,2573.508609605067
volailler_paris_ca_ttc_base_100k_2024-12-21,Private,3545.45496906216
volailler_paris_ca_ttc_base_100k_2024-12-22,Private,1814.2348476562704
volailler_paris_ca_ttc_base_100k_2024-12-23,Private,3580.6254516962854
volailler_paris_ca_ttc_base_100k_2024-12-24,Private,2401.447616139072
volailler_paris_ca_ttc_base_100k_2024-12-26,Private,413.201075107706
volailler_paris_ca_ttc_base_100k_2024-12-27,Private,633.5462326442337
volailler_paris_ca_ttc_base_100k_2024-12-28,Private,870.6662517136276
volailler_paris_ca_ttc_base_100k_2024-12-29,Private,363.2845746147201
volailler_paris_ca_ttc_base_100k_2024-12-30,Private,852.6237246611968
volailler_paris_ca_ttc_base_100k_2024-12-31,Private,1248.31480800323
volailler_versailles_ca_ttc_base_100k_2024-12-01,Public,282.6143166889746
volailler_versailles_ca_ttc_base_100k_2024-12-02,Public,56.53058433724914
volailler_versailles_ca_ttc_base_100k_2024-12-03,Public,252.8756004578381
volailler_versailles_ca_ttc_base_100k_2024-12-04,Public,263.9595241187723
volailler_versailles_ca_ttc_base_100k_2024-12-05,Public,310.3841780592873
volailler_versailles_ca_ttc_base_100k_2024-12-06,Public,395.8770892381106
volailler_versailles_ca_ttc_base_100k_2024-12-07,Public,835.6094553761405
volailler_versailles_ca_ttc_base_100k_2024-12-08,Public,412.5630269474892
volailler_versailles_ca_ttc_base_100k_2024-12-09,Public,132.20495787680062
volailler_versailles_ca_ttc_base_100k_2024-12-10,Public,473.49887041777976
volailler_versailles_ca_ttc_base_100k_2024-12-11,Public,267.46828942629713
volailler_versailles_ca_ttc_base_100k_2024-12-12,Public,768.8313889854967
volailler_versailles_ca_ttc_base_100k_2024-12-13,Public,929.406730412382
volailler_versailles_ca_ttc_base_100k_2024-12-14,Public,1428.0503223860428
volailler_versailles_ca_ttc_base_100k_2024-12-15,Private,581.1210239212005
volailler_versailles_ca_ttc_base_100k_2024-12-16,Private,217.70644794390645
volailler_versailles_ca_ttc_base_100k_2024-12-17,Private,342.6064824481951
volailler_versailles_ca_ttc_base_100k_2024-12-18,Private,594.6241940777875
volailler_versailles_ca_ttc_base_100k_2024-12-19,Private,2012.8216632714289
volailler_versailles_ca_ttc_base_100k_2024-12-20,Private,2097.3708967391813
volailler_versailles_ca_ttc_base_100k_2024-12-21,Private,3715.71382956254
volailler_versailles_ca_ttc_base_100k_2024-12-22,Private,1405.0245862359286
volailler_versailles_ca_ttc_base_100k_2024-12-23,Private,3680.2272581821576
volailler_versailles_ca_ttc_base_100k_2024-12-24,Private,2778.5989680283706
volailler_versailles_ca_ttc_base_100k_2024-12-26,Private,404.2329264252236
volailler_versailles_ca_ttc_base_100k_2024-12-27,Private,701.9332181588985
volailler_versailles_ca_ttc_base_100k_2024-12-28,Private,930.5777486629372
volailler_versailles_ca_ttc_base_100k_2024-12-29,Private,309.14023925833106
volailler_versailles_ca_ttc_base_100k_2024-12-30,Private,1126.4723731486974
volailler_versailles_ca_ttc_base_100k_2024-12-31,Private,1025.9578285872922
